lr-AdamW,created_at,train/loss_simple_step,train/loss_vlb_step,train/loss_step,global_step,epoch,val/loss_simple,val/loss_vlb,val/loss,val/loss_simple_ema,val/loss_vlb_ema,val/loss_ema,train/loss_simple_epoch,train/loss_vlb_epoch,train/loss_epoch
0.02,2023-12-05 17:16:20.295556,,,,,,,,,,,,,,
,2023-12-05 17:16:21.159462,0.03399823606014252,0.00013457858585752547,0.03399823606014252,49.0,0.0,,,,,,,,,
0.02,2023-12-05 17:17:03.667746,,,,,,,,,,,,,,
,2023-12-05 17:17:04.534407,0.3622528314590454,0.02061690390110016,0.3622528314590454,99.0,0.0,,,,,,,,,
0.02,2023-12-05 17:17:47.160813,,,,,,,,,,,,,,
,2023-12-05 17:17:48.030472,0.4529798924922943,0.003521396778523922,0.4529798924922943,149.0,0.0,,,,,,,,,
0.02,2023-12-05 17:18:30.640008,,,,,,,,,,,,,,
,2023-12-05 17:18:31.507316,0.14015939831733704,0.0009646413382142782,0.14015939831733704,199.0,0.0,,,,,,,,,
0.02,2023-12-05 17:19:14.154330,,,,,,,,,,,,,,
,2023-12-05 17:19:15.020957,0.07890103757381439,0.0002789752325043082,0.07890103757381439,249.0,0.0,,,,,,,,,
0.02,2023-12-05 17:19:57.687895,,,,,,,,,,,,,,
,2023-12-05 17:19:58.555749,0.19435341656208038,0.0011880124220624566,0.19435341656208038,299.0,0.0,,,,,,,,,
0.02,2023-12-05 17:20:41.222025,,,,,,,,,,,,,,
,2023-12-05 17:20:42.086558,0.2469833493232727,0.0015111430548131466,0.2469833493232727,349.0,0.0,,,,,,,,,
0.02,2023-12-05 17:21:24.763016,,,,,,,,,,,,,,
,2023-12-05 17:21:25.630210,0.28616344928741455,0.002092865062877536,0.28616344928741455,399.0,0.0,,,,,,,,,
,2023-12-05 17:21:55.292635,,,,,0.0,0.12546324729919434,0.0005838944343850017,0.12546324729919434,0.20618142187595367,0.0016247762832790613,0.20618142187595367,,,
,2023-12-05 17:21:55.301195,,,,,0.0,,,,,,,0.1845165640115738,0.002852577716112137,0.1845165640115738
0.02,2023-12-05 17:22:16.730982,,,,,,,,,,,,,,
,2023-12-05 17:22:17.597693,0.06414365023374557,0.00022503279615193605,0.06414365023374557,449.0,1.0,,,,,,,,,
0.02,2023-12-05 17:23:00.211596,,,,,,,,,,,,,,
,2023-12-05 17:23:02.760411,0.10177905857563019,0.000411429675295949,0.10177905857563019,499.0,1.0,,,,,,,,,
0.02,2023-12-05 17:25:56.504458,,,,,,,,,,,,,,
,2023-12-05 17:25:57.373244,0.17566442489624023,0.0010502556106075644,0.17566442489624023,549.0,1.0,,,,,,,,,
0.02,2023-12-05 17:26:40.022423,,,,,,,,,,,,,,
,2023-12-05 17:26:40.888130,0.08009909093379974,0.00027510657673701644,0.08009909093379974,599.0,1.0,,,,,,,,,
0.02,2023-12-05 17:27:23.589224,,,,,,,,,,,,,,
,2023-12-05 17:27:24.458143,0.4727007746696472,0.006477027200162411,0.4727007746696472,649.0,1.0,,,,,,,,,
0.02,2023-12-05 17:28:07.156040,,,,,,,,,,,,,,
,2023-12-05 17:28:08.020985,0.1708853840827942,0.0006921259919181466,0.1708853840827942,699.0,1.0,,,,,,,,,
0.02,2023-12-05 17:28:50.675396,,,,,,,,,,,,,,
,2023-12-05 17:28:51.543654,0.05723237618803978,0.0002090941707137972,0.05723237618803978,749.0,1.0,,,,,,,,,
0.02,2023-12-05 17:29:34.271738,,,,,,,,,,,,,,
,2023-12-05 17:29:35.143553,0.07473449409008026,0.00026151977363042533,0.07473449409008026,799.0,1.0,,,,,,,,,
0.02,2023-12-05 17:30:17.868214,,,,,,,,,,,,,,
,2023-12-05 17:30:18.730475,0.40580445528030396,0.00325090647675097,0.40580445528030396,849.0,1.0,,,,,,,,,
,2023-12-05 17:30:23.928410,,,,,1.0,0.13771702349185944,0.0005192748503759503,0.13771702349185944,0.07997170835733414,0.00037217960925772786,0.07997170835733414,,,
,2023-12-05 17:30:23.936648,,,,,1.0,,,,,,,0.18262289464473724,0.003660667221993208,0.18262289464473724
0.02,2023-12-05 17:31:07.105749,,,,,,,,,,,,,,
,2023-12-05 17:31:07.975761,0.1115371361374855,0.0004020450869575143,0.1115371361374855,899.0,2.0,,,,,,,,,
0.02,2023-12-05 17:31:50.638721,,,,,,,,,,,,,,
,2023-12-05 17:31:51.506241,0.12777870893478394,0.0004578178049996495,0.12777870893478394,949.0,2.0,,,,,,,,,
0.02,2023-12-05 17:32:34.205088,,,,,,,,,,,,,,
,2023-12-05 17:32:36.764133,0.28251031041145325,0.0019322761800140142,0.28251031041145325,999.0,2.0,,,,,,,,,
0.02,2023-12-05 17:35:26.568387,,,,,,,,,,,,,,
,2023-12-05 17:35:27.441355,0.27049440145492554,0.021573200821876526,0.27049440145492554,1049.0,2.0,,,,,,,,,
0.02,2023-12-05 17:36:10.199191,,,,,,,,,,,,,,
,2023-12-05 17:36:11.065851,0.059559181332588196,0.00021324347471818328,0.059559181332588196,1099.0,2.0,,,,,,,,,
0.02,2023-12-05 17:36:53.785943,,,,,,,,,,,,,,
,2023-12-05 17:36:54.653777,0.2092927098274231,0.00114692363422364,0.2092927098274231,1149.0,2.0,,,,,,,,,
0.02,2023-12-05 17:37:37.379783,,,,,,,,,,,,,,
,2023-12-05 17:37:38.248926,0.32526519894599915,0.0016037861350923777,0.32526519894599915,1199.0,2.0,,,,,,,,,
0.02,2023-12-05 17:38:20.988633,,,,,,,,,,,,,,
,2023-12-05 17:38:21.857109,0.14522264897823334,0.0005129573401063681,0.14522264897823334,1249.0,2.0,,,,,,,,,
,2023-12-05 17:38:48.915339,,,,,2.0,0.15808671712875366,0.0008089091279543936,0.15808671712875366,0.12232093513011932,0.000611901399679482,0.12232093513011932,,,
,2023-12-05 17:38:48.924414,,,,,2.0,,,,,,,0.1782642900943756,0.0024785823188722134,0.1782642900943756
0.02,2023-12-05 17:39:10.342068,,,,,,,,,,,,,,
,2023-12-05 17:39:11.210658,0.1728067547082901,0.0006219435017555952,0.1728067547082901,1299.0,3.0,,,,,,,,,
0.02,2023-12-05 17:39:53.939254,,,,,,,,,,,,,,
,2023-12-05 17:39:54.808042,0.017048586159944534,7.370358798652887e-05,0.017048586159944534,1349.0,3.0,,,,,,,,,
0.02,2023-12-05 17:40:37.501440,,,,,,,,,,,,,,
,2023-12-05 17:40:38.371160,0.0242680124938488,0.00010113422467838973,0.0242680124938488,1399.0,3.0,,,,,,,,,
0.02,2023-12-05 17:41:21.109598,,,,,,,,,,,,,,
,2023-12-05 17:41:21.978201,0.3849220871925354,0.015042779967188835,0.3849220871925354,1449.0,3.0,,,,,,,,,
0.02,2023-12-05 17:42:04.694744,,,,,,,,,,,,,,
,2023-12-05 17:42:06.407034,0.20394648611545563,0.0042755794711411,0.20394648611545563,1499.0,3.0,,,,,,,,,
0.02,2023-12-05 17:44:56.227823,,,,,,,,,,,,,,
,2023-12-05 17:44:57.095209,0.09762537479400635,0.0003352261264808476,0.09762537479400635,1549.0,3.0,,,,,,,,,
0.02,2023-12-05 17:45:39.751750,,,,,,,,,,,,,,
,2023-12-05 17:45:40.623449,0.23800693452358246,0.0013258249964565039,0.23800693452358246,1599.0,3.0,,,,,,,,,
0.02,2023-12-05 17:46:23.251055,,,,,,,,,,,,,,
,2023-12-05 17:46:24.116861,0.12973149120807648,0.0004886903334408998,0.12973149120807648,1649.0,3.0,,,,,,,,,
0.02,2023-12-05 17:47:06.809105,,,,,,,,,,,,,,
,2023-12-05 17:47:07.672109,0.2984773516654968,0.0016375042032450438,0.2984773516654968,1699.0,3.0,,,,,,,,,
,2023-12-05 17:47:12.895675,,,,,3.0,0.10498417913913727,0.0005636501591652632,0.10498417913913727,0.2655337154865265,0.0019042615313082933,0.2655337154865265,,,
,2023-12-05 17:47:12.908118,,,,,3.0,,,,,,,0.1833169013261795,0.0034523513168096542,0.1833169013261795
0.02,2023-12-05 17:47:56.061072,,,,,,,,,,,,,,
,2023-12-05 17:47:56.927280,0.05815206095576286,0.0002091781934723258,0.05815206095576286,1749.0,4.0,,,,,,,,,
0.02,2023-12-05 17:48:39.572495,,,,,,,,,,,,,,
,2023-12-05 17:48:40.445228,0.05745261162519455,0.00020802108338102698,0.05745261162519455,1799.0,4.0,,,,,,,,,
0.02,2023-12-05 17:49:23.104832,,,,,,,,,,,,,,
,2023-12-05 17:49:23.973320,0.05564327538013458,0.00019499915651977062,0.05564327538013458,1849.0,4.0,,,,,,,,,
0.02,2023-12-05 17:50:06.641593,,,,,,,,,,,,,,
,2023-12-05 17:50:07.505616,0.13055111467838287,0.0005351930158212781,0.13055111467838287,1899.0,4.0,,,,,,,,,
0.02,2023-12-05 17:50:50.156437,,,,,,,,,,,,,,
,2023-12-05 17:50:51.025069,0.19520658254623413,0.0009945514611899853,0.19520658254623413,1949.0,4.0,,,,,,,,,
0.02,2023-12-05 17:51:33.649346,,,,,,,,,,,,,,
,2023-12-05 17:51:35.579624,0.0983675941824913,0.0003336374065838754,0.0983675941824913,1999.0,4.0,,,,,,,,,
0.02,2023-12-05 17:54:25.376093,,,,,,,,,,,,,,
,2023-12-05 17:54:26.242395,0.2497076690196991,0.002176884561777115,0.2497076690196991,2049.0,4.0,,,,,,,,,
0.02,2023-12-05 17:55:08.918627,,,,,,,,,,,,,,
,2023-12-05 17:55:09.788224,0.38475751876831055,0.007821895182132721,0.38475751876831055,2099.0,4.0,,,,,,,,,
,2023-12-05 17:55:36.784119,,,,,4.0,0.15539009869098663,0.0005605724873021245,0.15539009869098663,0.22435833513736725,0.0037769617047160864,0.22435833513736725,,,
,2023-12-05 17:55:36.793642,,,,,4.0,,,,,,,0.17573581635951996,0.002514127641916275,0.17573581635951996
0.02,2023-12-05 17:55:58.237719,,,,,,,,,,,,,,
,2023-12-05 17:55:59.105496,0.19981268048286438,0.0011673127301037312,0.19981268048286438,2149.0,5.0,,,,,,,,,
0.02,2023-12-05 17:56:41.756970,,,,,,,,,,,,,,
,2023-12-05 17:56:42.624312,0.11789216101169586,0.00048450002213940024,0.11789216101169586,2199.0,5.0,,,,,,,,,
0.02,2023-12-05 17:57:25.314288,,,,,,,,,,,,,,
,2023-12-05 17:57:26.180694,0.1788966804742813,0.0006553443381562829,0.1788966804742813,2249.0,5.0,,,,,,,,,
0.02,2023-12-05 17:58:08.830332,,,,,,,,,,,,,,
,2023-12-05 17:58:09.698503,0.07716506719589233,0.00027236121241003275,0.07716506719589233,2299.0,5.0,,,,,,,,,
0.02,2023-12-05 17:58:52.379143,,,,,,,,,,,,,,
,2023-12-05 17:58:53.247840,0.35938358306884766,0.0031450327951461077,0.35938358306884766,2349.0,5.0,,,,,,,,,
0.02,2023-12-05 17:59:35.914768,,,,,,,,,,,,,,
,2023-12-05 17:59:36.779997,0.11692765355110168,0.0004111752496100962,0.11692765355110168,2399.0,5.0,,,,,,,,,
0.02,2023-12-05 18:00:19.462504,,,,,,,,,,,,,,
,2023-12-05 18:00:20.332251,0.11424367874860764,0.00038499219226650894,0.11424367874860764,2449.0,5.0,,,,,,,,,
0.02,2023-12-05 18:01:02.960152,,,,,,,,,,,,,,
,2023-12-05 18:01:04.666217,0.11622066795825958,0.0007951507577672601,0.11622066795825958,2499.0,5.0,,,,,,,,,
0.02,2023-12-05 18:03:54.469195,,,,,,,,,,,,,,
,2023-12-05 18:03:55.334178,0.134915292263031,0.0008294510771520436,0.134915292263031,2549.0,5.0,,,,,,,,,
,2023-12-05 18:04:00.542096,,,,,5.0,0.1632390171289444,0.0006095279823057353,0.1632390171289444,0.10051628947257996,0.0003622319782152772,0.10051628947257996,,,
,2023-12-05 18:04:00.550895,,,,,5.0,,,,,,,0.17801040410995483,0.003342492040246725,0.17801040410995483
0.02,2023-12-05 18:04:43.724601,,,,,,,,,,,,,,
,2023-12-05 18:04:44.590725,0.18349164724349976,0.002799587557092309,0.18349164724349976,2599.0,6.0,,,,,,,,,
0.02,2023-12-05 18:05:27.246177,,,,,,,,,,,,,,
,2023-12-05 18:05:28.113734,0.31301775574684143,0.0032286092173308134,0.31301775574684143,2649.0,6.0,,,,,,,,,
0.02,2023-12-05 18:06:10.786673,,,,,,,,,,,,,,
,2023-12-05 18:06:11.658139,0.07536764442920685,0.0002680280013009906,0.07536764442920685,2699.0,6.0,,,,,,,,,
0.02,2023-12-05 18:06:54.341297,,,,,,,,,,,,,,
,2023-12-05 18:06:55.207307,0.10994613170623779,0.00037095299921929836,0.10994613170623779,2749.0,6.0,,,,,,,,,
0.02,2023-12-05 18:07:37.905569,,,,,,,,,,,,,,
,2023-12-05 18:07:38.774701,0.10129760205745697,0.0003468136128503829,0.10129760205745697,2799.0,6.0,,,,,,,,,
0.02,2023-12-05 18:08:21.472271,,,,,,,,,,,,,,
,2023-12-05 18:08:22.344330,0.19575870037078857,0.0010804783087223768,0.19575870037078857,2849.0,6.0,,,,,,,,,
0.02,2023-12-05 18:09:05.051839,,,,,,,,,,,,,,
,2023-12-05 18:09:05.923147,0.06312061846256256,0.00023119791876524687,0.06312061846256256,2899.0,6.0,,,,,,,,,
0.02,2023-12-05 18:09:48.620921,,,,,,,,,,,,,,
,2023-12-05 18:09:49.486064,0.30758267641067505,0.0036796354688704014,0.30758267641067505,2949.0,6.0,,,,,,,,,
,2023-12-05 18:10:16.510879,,,,,6.0,0.19635578989982605,0.001537296106107533,0.19635578989982605,0.3243430554866791,0.006000827066600323,0.3243430554866791,,,
,2023-12-05 18:10:16.520352,,,,,6.0,,,,,,,0.17752280831336975,0.002991178771480918,0.17752280831336975
0.02,2023-12-05 18:10:37.967759,,,,,,,,,,,,,,
,2023-12-05 18:10:39.678481,0.243392214179039,0.001726198592223227,0.243392214179039,2999.0,7.0,,,,,,,,,
0.02,2023-12-05 18:13:29.491413,,,,,,,,,,,,,,
,2023-12-05 18:13:30.358146,0.05770217627286911,0.00020634906832128763,0.05770217627286911,3049.0,7.0,,,,,,,,,
0.02,2023-12-05 18:14:12.997369,,,,,,,,,,,,,,
,2023-12-05 18:14:13.863447,0.22421380877494812,0.0012976250145584345,0.22421380877494812,3099.0,7.0,,,,,,,,,
0.02,2023-12-05 18:14:56.527646,,,,,,,,,,,,,,
,2023-12-05 18:14:57.391930,0.2937163710594177,0.0015678531490266323,0.2937163710594177,3149.0,7.0,,,,,,,,,
0.02,2023-12-05 18:15:40.037675,,,,,,,,,,,,,,
,2023-12-05 18:15:40.904905,0.05966327339410782,0.0002121988800354302,0.05966327339410782,3199.0,7.0,,,,,,,,,
0.02,2023-12-05 18:16:23.580893,,,,,,,,,,,,,,
,2023-12-05 18:16:24.454472,0.10719077289104462,0.00040368770714849234,0.10719077289104462,3249.0,7.0,,,,,,,,,
0.02,2023-12-05 18:17:07.129862,,,,,,,,,,,,,,
,2023-12-05 18:17:07.999493,0.09427019953727722,0.0003235050244256854,0.09427019953727722,3299.0,7.0,,,,,,,,,
0.02,2023-12-05 18:17:50.689212,,,,,,,,,,,,,,
,2023-12-05 18:17:51.559875,0.2715507745742798,0.0020552780479192734,0.2715507745742798,3349.0,7.0,,,,,,,,,
0.02,2023-12-05 18:18:34.307374,,,,,,,,,,,,,,
,2023-12-05 18:18:35.170921,0.18742328882217407,0.0013163883704692125,0.18742328882217407,3399.0,7.0,,,,,,,,,
,2023-12-05 18:18:40.392739,,,,,7.0,0.32155677676200867,0.08901622891426086,0.32155677676200867,0.15972332656383514,0.0021375359501689672,0.15972332656383514,,,
,2023-12-05 18:18:40.407390,,,,,7.0,,,,,,,0.1782924085855484,0.0027285858523100615,0.1782924085855484
0.02,2023-12-05 18:19:23.609601,,,,,,,,,,,,,,
,2023-12-05 18:19:24.476058,0.12541091442108154,0.0004313588433433324,0.12541091442108154,3449.0,8.0,,,,,,,,,
0.02,2023-12-05 18:20:07.128171,,,,,,,,,,,,,,
,2023-12-05 18:20:08.842747,0.2977193593978882,0.002235177904367447,0.2977193593978882,3499.0,8.0,,,,,,,,,
0.02,2023-12-05 18:22:58.793676,,,,,,,,,,,,,,
,2023-12-05 18:22:59.661237,0.148604154586792,0.0006508455844596028,0.148604154586792,3549.0,8.0,,,,,,,,,
0.02,2023-12-05 18:23:42.316664,,,,,,,,,,,,,,
,2023-12-05 18:23:43.183891,0.21430687606334686,0.0009279847145080566,0.21430687606334686,3599.0,8.0,,,,,,,,,
0.02,2023-12-05 18:24:25.855766,,,,,,,,,,,,,,
,2023-12-05 18:24:26.725176,0.27282029390335083,0.0015488010831177235,0.27282029390335083,3649.0,8.0,,,,,,,,,
0.02,2023-12-05 18:25:09.415709,,,,,,,,,,,,,,
,2023-12-05 18:25:10.278680,0.06515364348888397,0.00023305579088628292,0.06515364348888397,3699.0,8.0,,,,,,,,,
0.02,2023-12-05 18:25:52.977817,,,,,,,,,,,,,,
,2023-12-05 18:25:53.844365,0.15929950773715973,0.0005544399609789252,0.15929950773715973,3749.0,8.0,,,,,,,,,
0.02,2023-12-05 18:26:36.563963,,,,,,,,,,,,,,
,2023-12-05 18:26:37.430156,0.2698436677455902,0.001702898065559566,0.2698436677455902,3799.0,8.0,,,,,,,,,
,2023-12-05 18:27:04.504858,,,,,8.0,0.15682801604270935,0.0006319935782812536,0.15682801604270935,0.19158604741096497,0.0011668959632515907,0.19158604741096497,,,
,2023-12-05 18:27:04.515252,,,,,8.0,,,,,,,0.17965088784694672,0.004474143963307142,0.17965088784694672
0.02,2023-12-05 18:27:25.978198,,,,,,,,,,,,,,
,2023-12-05 18:27:26.845319,0.13137632608413696,0.000571142416447401,0.13137632608413696,3849.0,9.0,,,,,,,,,
0.02,2023-12-05 18:28:09.572555,,,,,,,,,,,,,,
,2023-12-05 18:28:10.443365,0.32665321230888367,0.002512135775759816,0.32665321230888367,3899.0,9.0,,,,,,,,,
0.02,2023-12-05 18:28:53.168651,,,,,,,,,,,,,,
,2023-12-05 18:28:54.041376,0.2871171832084656,0.009222340770065784,0.2871171832084656,3949.0,9.0,,,,,,,,,
0.02,2023-12-05 18:29:36.748913,,,,,,,,,,,,,,
,2023-12-05 18:29:38.458662,0.17856155335903168,0.0014820920769125223,0.17856155335903168,3999.0,9.0,,,,,,,,,
0.02,2023-12-05 18:32:28.344474,,,,,,,,,,,,,,
,2023-12-05 18:32:29.211443,0.244340717792511,0.0010733436793088913,0.244340717792511,4049.0,9.0,,,,,,,,,
0.02,2023-12-05 18:33:11.975628,,,,,,,,,,,,,,
,2023-12-05 18:33:12.847850,0.2017296850681305,0.0015350731555372477,0.2017296850681305,4099.0,9.0,,,,,,,,,
0.02,2023-12-05 18:33:55.568295,,,,,,,,,,,,,,
,2023-12-05 18:33:56.435948,0.20563212037086487,0.0008353415760211647,0.20563212037086487,4149.0,9.0,,,,,,,,,
0.02,2023-12-05 18:34:39.165057,,,,,,,,,,,,,,
,2023-12-05 18:34:40.035425,0.15749767422676086,0.001532586058601737,0.15749767422676086,4199.0,9.0,,,,,,,,,
0.02,2023-12-05 18:35:22.815297,,,,,,,,,,,,,,
,2023-12-05 18:35:23.677692,0.1560400128364563,0.0006057012360543013,0.1560400128364563,4249.0,9.0,,,,,,,,,
,2023-12-05 18:35:28.908555,,,,,9.0,0.1628851741552353,0.000802289810962975,0.1628851741552353,0.1805446743965149,0.002091903006657958,0.1805446743965149,,,
,2023-12-05 18:35:28.919217,,,,,9.0,,,,,,,0.17213895916938782,0.0030004282016307116,0.17213895916938782
0.02,2023-12-05 18:36:12.152599,,,,,,,,,,,,,,
,2023-12-05 18:36:13.020120,0.06943181157112122,0.000245713978074491,0.06943181157112122,4299.0,10.0,,,,,,,,,
0.02,2023-12-05 18:36:55.720588,,,,,,,,,,,,,,
,2023-12-05 18:36:56.590552,0.29241645336151123,0.0029709318187087774,0.29241645336151123,4349.0,10.0,,,,,,,,,
0.02,2023-12-05 18:37:39.255089,,,,,,,,,,,,,,
,2023-12-05 18:37:40.123553,0.09996311366558075,0.0003682439564727247,0.09996311366558075,4399.0,10.0,,,,,,,,,
0.02,2023-12-05 18:38:22.866690,,,,,,,,,,,,,,
,2023-12-05 18:38:23.735886,0.02907809428870678,0.00011448140139691532,0.02907809428870678,4449.0,10.0,,,,,,,,,
0.02,2023-12-05 18:39:06.425330,,,,,,,,,,,,,,
,2023-12-05 18:39:08.132144,0.28331029415130615,0.0019506487296894193,0.28331029415130615,4499.0,10.0,,,,,,,,,
0.02,2023-12-05 18:41:57.980053,,,,,,,,,,,,,,
,2023-12-05 18:41:58.845770,0.27907389402389526,0.002478200476616621,0.27907389402389526,4549.0,10.0,,,,,,,,,
0.02,2023-12-05 18:42:41.560341,,,,,,,,,,,,,,
,2023-12-05 18:42:42.428866,0.10850787162780762,0.0003951918624807149,0.10850787162780762,4599.0,10.0,,,,,,,,,
0.02,2023-12-05 18:43:25.160434,,,,,,,,,,,,,,
,2023-12-05 18:43:26.031464,0.19432225823402405,0.0008279220201075077,0.19432225823402405,4649.0,10.0,,,,,,,,,
,2023-12-05 18:43:53.128992,,,,,10.0,0.17576150596141815,0.0011945810401812196,0.17576150596141815,0.19389580190181732,0.0008360308711417019,0.19389580190181732,,,
,2023-12-05 18:43:53.140387,,,,,10.0,,,,,,,0.1767870932817459,0.0021730451844632626,0.1767870932817459
0.02,2023-12-05 18:44:14.638195,,,,,,,,,,,,,,
,2023-12-05 18:44:15.507357,0.03325445577502251,0.00013528154522646219,0.03325445577502251,4699.0,11.0,,,,,,,,,
0.02,2023-12-05 18:44:58.300729,,,,,,,,,,,,,,
,2023-12-05 18:44:59.167580,0.08182437717914581,0.0002847882569767535,0.08182437717914581,4749.0,11.0,,,,,,,,,
0.02,2023-12-05 18:45:41.916318,,,,,,,,,,,,,,
,2023-12-05 18:45:42.784682,0.06736073642969131,0.00023152711219154298,0.06736073642969131,4799.0,11.0,,,,,,,,,
0.02,2023-12-05 18:46:25.509469,,,,,,,,,,,,,,
,2023-12-05 18:46:26.379106,0.12949685752391815,0.0008140093414112926,0.12949685752391815,4849.0,11.0,,,,,,,,,
0.02,2023-12-05 18:47:09.120038,,,,,,,,,,,,,,
,2023-12-05 18:47:09.991851,0.108820341527462,0.00039081720751710236,0.108820341527462,4899.0,11.0,,,,,,,,,
0.02,2023-12-05 18:47:52.734836,,,,,,,,,,,,,,
,2023-12-05 18:47:53.602335,0.10510220378637314,0.0003715000639203936,0.10510220378637314,4949.0,11.0,,,,,,,,,
0.02,2023-12-05 18:48:36.376181,,,,,,,,,,,,,,
,2023-12-05 18:48:38.089411,0.2145954668521881,0.001385214040055871,0.2145954668521881,4999.0,11.0,,,,,,,,,
0.02,2023-12-05 18:51:27.991267,,,,,,,,,,,,,,
,2023-12-05 18:51:28.858477,0.2474450021982193,0.0018837325042113662,0.2474450021982193,5049.0,11.0,,,,,,,,,
0.02,2023-12-05 18:52:11.588711,,,,,,,,,,,,,,
,2023-12-05 18:52:12.452975,0.4132058620452881,0.008884511888027191,0.4132058620452881,5099.0,11.0,,,,,,,,,
,2023-12-05 18:52:17.681483,,,,,11.0,0.17698562145233154,0.0007348399376496673,0.17698562145233154,0.16193808615207672,0.0031672962941229343,0.16193808615207672,,,
,2023-12-05 18:52:17.698609,,,,,11.0,,,,,,,0.18300287425518036,0.0032184990122914314,0.18300287425518036
0.02,2023-12-05 18:53:00.939048,,,,,,,,,,,,,,
,2023-12-05 18:53:01.805839,0.01944578066468239,8.518089452991262e-05,0.01944578066468239,5149.0,12.0,,,,,,,,,
0.02,2023-12-05 18:53:44.489879,,,,,,,,,,,,,,
,2023-12-05 18:53:45.355064,0.07142314314842224,0.00024775296333245933,0.07142314314842224,5199.0,12.0,,,,,,,,,
0.02,2023-12-05 18:54:28.071663,,,,,,,,,,,,,,
,2023-12-05 18:54:28.938724,0.19833189249038696,0.0006974071147851646,0.19833189249038696,5249.0,12.0,,,,,,,,,
0.02,2023-12-05 18:55:11.681399,,,,,,,,,,,,,,
,2023-12-05 18:55:12.551225,0.19681933522224426,0.0007948320126160979,0.19681933522224426,5299.0,12.0,,,,,,,,,
0.02,2023-12-05 18:55:55.248320,,,,,,,,,,,,,,
,2023-12-05 18:55:56.117083,0.18753740191459656,0.0009291977621614933,0.18753740191459656,5349.0,12.0,,,,,,,,,
0.02,2023-12-05 18:56:38.834815,,,,,,,,,,,,,,
,2023-12-05 18:56:39.700089,0.3546425700187683,0.0038068213034421206,0.3546425700187683,5399.0,12.0,,,,,,,,,
0.02,2023-12-05 18:57:22.387205,,,,,,,,,,,,,,
,2023-12-05 18:57:23.251590,0.2522808313369751,0.0010855173459276557,0.2522808313369751,5449.0,12.0,,,,,,,,,
0.02,2023-12-05 18:58:05.897448,,,,,,,,,,,,,,
,2023-12-05 18:58:07.611885,0.29679274559020996,0.00845525786280632,0.29679274559020996,5499.0,12.0,,,,,,,,,
,2023-12-05 19:00:41.958638,,,,,12.0,0.0923566222190857,0.0003643588279373944,0.0923566222190857,0.1702532172203064,0.0009234896278940141,0.1702532172203064,,,
,2023-12-05 19:00:41.969886,,,,,12.0,,,,,,,0.1849806308746338,0.003327873768284917,0.1849806308746338
0.02,2023-12-05 19:01:03.377574,,,,,,,,,,,,,,
,2023-12-05 19:01:04.242293,0.2638136148452759,0.0021789339371025562,0.2638136148452759,5549.0,13.0,,,,,,,,,
0.02,2023-12-05 19:01:46.850715,,,,,,,,,,,,,,
,2023-12-05 19:01:47.718856,0.10482993721961975,0.0004388709203340113,0.10482993721961975,5599.0,13.0,,,,,,,,,
0.02,2023-12-05 19:02:30.383698,,,,,,,,,,,,,,
,2023-12-05 19:02:31.254333,0.12499213218688965,0.00044820591574534774,0.12499213218688965,5649.0,13.0,,,,,,,,,
0.02,2023-12-05 19:03:13.885404,,,,,,,,,,,,,,
,2023-12-05 19:03:14.756020,0.23176977038383484,0.03594713285565376,0.23176977038383484,5699.0,13.0,,,,,,,,,
0.02,2023-12-05 19:03:57.421792,,,,,,,,,,,,,,
,2023-12-05 19:03:58.290789,0.1845911592245102,0.0006945689674466848,0.1845911592245102,5749.0,13.0,,,,,,,,,
0.02,2023-12-05 19:04:40.930710,,,,,,,,,,,,,,
,2023-12-05 19:04:41.799156,0.11203811317682266,0.0005425916751846671,0.11203811317682266,5799.0,13.0,,,,,,,,,
0.02,2023-12-05 19:05:24.443825,,,,,,,,,,,,,,
,2023-12-05 19:05:25.308106,0.1958370804786682,0.0014048954471945763,0.1958370804786682,5849.0,13.0,,,,,,,,,
0.02,2023-12-05 19:06:07.989651,,,,,,,,,,,,,,
,2023-12-05 19:06:08.860903,0.1929072141647339,0.0007151956669986248,0.1929072141647339,5899.0,13.0,,,,,,,,,
0.02,2023-12-05 19:06:51.570930,,,,,,,,,,,,,,
,2023-12-05 19:06:52.433333,0.1694982796907425,0.0006050238152965903,0.1694982796907425,5949.0,13.0,,,,,,,,,
,2023-12-05 19:06:57.640310,,,,,13.0,0.13409918546676636,0.0005800509243272245,0.13409918546676636,0.11605022102594376,0.0005863382830284536,0.11605022102594376,,,
,2023-12-05 19:06:57.651895,,,,,13.0,,,,,,,0.17526483535766602,0.002405993640422821,0.17526483535766602
0.02,2023-12-05 19:07:40.832569,,,,,,,,,,,,,,
,2023-12-05 19:07:42.535226,0.1342010200023651,0.0004596282378770411,0.1342010200023651,5999.0,14.0,,,,,,,,,
0.02,2023-12-05 19:10:32.614119,,,,,,,,,,,,,,
,2023-12-05 19:10:33.480242,0.27057701349258423,0.0024934986140578985,0.27057701349258423,6049.0,14.0,,,,,,,,,
0.02,2023-12-05 19:11:16.188601,,,,,,,,,,,,,,
,2023-12-05 19:11:17.050891,0.12327851355075836,0.0005032109329476953,0.12327851355075836,6099.0,14.0,,,,,,,,,
0.02,2023-12-05 19:11:59.780995,,,,,,,,,,,,,,
,2023-12-05 19:12:00.651423,0.2463313341140747,0.0009847705950960517,0.2463313341140747,6149.0,14.0,,,,,,,,,
0.02,2023-12-05 19:12:43.340223,,,,,,,,,,,,,,
,2023-12-05 19:12:44.211509,0.11464427411556244,0.0003884132602252066,0.11464427411556244,6199.0,14.0,,,,,,,,,
0.02,2023-12-05 19:13:26.940861,,,,,,,,,,,,,,
,2023-12-05 19:13:27.808938,0.32350289821624756,0.004869592376053333,0.32350289821624756,6249.0,14.0,,,,,,,,,
0.02,2023-12-05 19:14:10.524295,,,,,,,,,,,,,,
,2023-12-05 19:14:11.393841,0.05495753139257431,0.00019654192146845162,0.05495753139257431,6299.0,14.0,,,,,,,,,
0.02,2023-12-05 19:14:54.094513,,,,,,,,,,,,,,
,2023-12-05 19:14:54.961274,0.3982432186603546,0.006278555374592543,0.3982432186603546,6349.0,14.0,,,,,,,,,
,2023-12-05 19:15:22.008581,,,,,14.0,0.14233019948005676,0.0028348774649202824,0.14233019948005676,0.19680090248584747,0.0012306816643103957,0.19680090248584747,,,
,2023-12-05 19:15:22.020707,,,,,14.0,,,,,,,0.18171751499176025,0.002855248749256134,0.18171751499176025
0.02,2023-12-05 19:15:43.464039,,,,,,,,,,,,,,
,2023-12-05 19:15:44.330615,0.04291091859340668,0.00016635842621326447,0.04291091859340668,6399.0,15.0,,,,,,,,,
0.02,2023-12-05 19:16:27.025919,,,,,,,,,,,,,,
,2023-12-05 19:16:27.896609,0.31706351041793823,0.004782281816005707,0.31706351041793823,6449.0,15.0,,,,,,,,,
0.02,2023-12-05 19:17:10.585351,,,,,,,,,,,,,,
,2023-12-05 19:17:12.301659,0.3193908631801605,0.004936154931783676,0.3193908631801605,6499.0,15.0,,,,,,,,,
0.02,2023-12-05 19:20:02.480301,,,,,,,,,,,,,,
,2023-12-05 19:20:03.350244,0.2441495656967163,0.00310590211302042,0.2441495656967163,6549.0,15.0,,,,,,,,,
0.02,2023-12-05 19:20:46.048981,,,,,,,,,,,,,,
,2023-12-05 19:20:46.916752,0.17250706255435944,0.0025806573685258627,0.17250706255435944,6599.0,15.0,,,,,,,,,
0.02,2023-12-05 19:21:29.641919,,,,,,,,,,,,,,
,2023-12-05 19:21:30.512051,0.2435930371284485,0.0012071506353095174,0.2435930371284485,6649.0,15.0,,,,,,,,,
0.02,2023-12-05 19:22:13.238546,,,,,,,,,,,,,,
,2023-12-05 19:22:14.106950,0.11478190124034882,0.0004317627171985805,0.11478190124034882,6699.0,15.0,,,,,,,,,
0.02,2023-12-05 19:22:56.856655,,,,,,,,,,,,,,
,2023-12-05 19:22:57.724018,0.2313143014907837,0.0014727676752954721,0.2313143014907837,6749.0,15.0,,,,,,,,,
0.02,2023-12-05 19:23:40.501932,,,,,,,,,,,,,,
,2023-12-05 19:23:41.368156,0.2953267991542816,0.002543446607887745,0.2953267991542816,6799.0,15.0,,,,,,,,,
,2023-12-05 19:23:46.572827,,,,,15.0,0.07228981703519821,0.00030095624970272183,0.07228981703519821,0.08072390407323837,0.000359505444066599,0.08072390407323837,,,
,2023-12-05 19:23:46.591021,,,,,15.0,,,,,,,0.17760016024112701,0.002367241308093071,0.17760016024112701
0.02,2023-12-05 19:24:29.893365,,,,,,,,,,,,,,
,2023-12-05 19:24:30.762072,0.23419030010700226,0.001078353263437748,0.23419030010700226,6849.0,16.0,,,,,,,,,
0.02,2023-12-05 19:25:13.465628,,,,,,,,,,,,,,
,2023-12-05 19:25:14.333795,0.24996109306812286,0.02591082826256752,0.24996109306812286,6899.0,16.0,,,,,,,,,
0.02,2023-12-05 19:25:57.061192,,,,,,,,,,,,,,
,2023-12-05 19:25:57.928583,0.16316239535808563,0.0006438932032324374,0.16316239535808563,6949.0,16.0,,,,,,,,,
0.02,2023-12-05 19:26:40.657807,,,,,,,,,,,,,,
,2023-12-05 19:26:42.370842,0.24805505573749542,0.00282229483127594,0.24805505573749542,6999.0,16.0,,,,,,,,,
0.02,2023-12-05 19:29:32.606168,,,,,,,,,,,,,,
,2023-12-05 19:29:33.474615,0.22680598497390747,0.0013553090393543243,0.22680598497390747,7049.0,16.0,,,,,,,,,
0.02,2023-12-05 19:30:16.180216,,,,,,,,,,,,,,
,2023-12-05 19:30:17.048678,0.339214950799942,0.0018684889655560255,0.339214950799942,7099.0,16.0,,,,,,,,,
0.02,2023-12-05 19:30:59.760298,,,,,,,,,,,,,,
,2023-12-05 19:31:00.628680,0.1043410524725914,0.0004176459333393723,0.1043410524725914,7149.0,16.0,,,,,,,,,
0.02,2023-12-05 19:31:43.370278,,,,,,,,,,,,,,
,2023-12-05 19:31:44.239993,0.26091259717941284,0.012809854932129383,0.26091259717941284,7199.0,16.0,,,,,,,,,
,2023-12-05 19:32:11.268814,,,,,16.0,0.15696145594120026,0.001157348626293242,0.15696145594120026,0.1990155726671219,0.0023662946186959743,0.1990155726671219,,,
,2023-12-05 19:32:11.281222,,,,,16.0,,,,,,,0.19143961369991302,0.0033556644339114428,0.19143961369991302
0.02,2023-12-05 19:32:32.689366,,,,,,,,,,,,,,
,2023-12-05 19:32:33.557445,0.08859913051128387,0.0003042055177502334,0.08859913051128387,7249.0,17.0,,,,,,,,,
0.02,2023-12-05 19:33:16.263172,,,,,,,,,,,,,,
,2023-12-05 19:33:17.132271,0.3053356409072876,0.0018079362343996763,0.3053356409072876,7299.0,17.0,,,,,,,,,
0.02,2023-12-05 19:33:59.861010,,,,,,,,,,,,,,
,2023-12-05 19:34:00.730049,0.2302854061126709,0.006034553050994873,0.2302854061126709,7349.0,17.0,,,,,,,,,
0.02,2023-12-05 19:34:43.444289,,,,,,,,,,,,,,
,2023-12-05 19:34:44.312372,0.26506391167640686,0.001189329894259572,0.26506391167640686,7399.0,17.0,,,,,,,,,
0.02,2023-12-05 19:35:27.021247,,,,,,,,,,,,,,
,2023-12-05 19:35:27.887663,0.3015952706336975,0.0018306353595107794,0.3015952706336975,7449.0,17.0,,,,,,,,,
0.02,2023-12-05 19:36:10.608692,,,,,,,,,,,,,,
,2023-12-05 19:36:12.322564,0.11966564506292343,0.0004632077179849148,0.11966564506292343,7499.0,17.0,,,,,,,,,
0.02,2023-12-05 19:39:02.344041,,,,,,,,,,,,,,
,2023-12-05 19:39:03.217926,0.16523125767707825,0.0007009709952399135,0.16523125767707825,7549.0,17.0,,,,,,,,,
0.02,2023-12-05 19:39:45.929788,,,,,,,,,,,,,,
,2023-12-05 19:39:46.797447,0.17018112540245056,0.0022618018556386232,0.17018112540245056,7599.0,17.0,,,,,,,,,
0.02,2023-12-05 19:40:29.572414,,,,,,,,,,,,,,
,2023-12-05 19:40:30.439122,0.1242736428976059,0.0005077550886198878,0.1242736428976059,7649.0,17.0,,,,,,,,,
,2023-12-05 19:40:35.651204,,,,,17.0,0.15254344046115875,0.0006500449380837381,0.15254344046115875,0.26838934421539307,0.004407379310578108,0.26838934421539307,,,
,2023-12-05 19:40:35.662896,,,,,17.0,,,,,,,0.17860454320907593,0.0027306899428367615,0.17860454320907593
0.02,2023-12-05 19:41:18.895826,,,,,,,,,,,,,,
,2023-12-05 19:41:19.766826,0.13391637802124023,0.00044839861220680177,0.13391637802124023,7699.0,18.0,,,,,,,,,
0.02,2023-12-05 19:42:02.452478,,,,,,,,,,,,,,
,2023-12-05 19:42:03.323415,0.17794233560562134,0.0006082832114771008,0.17794233560562134,7749.0,18.0,,,,,,,,,
0.02,2023-12-05 19:42:46.071278,,,,,,,,,,,,,,
,2023-12-05 19:42:46.939323,0.15733271837234497,0.0005568355554714799,0.15733271837234497,7799.0,18.0,,,,,,,,,
0.02,2023-12-05 19:43:29.695511,,,,,,,,,,,,,,
,2023-12-05 19:43:30.565885,0.09146291017532349,0.00032724623451940715,0.09146291017532349,7849.0,18.0,,,,,,,,,
0.02,2023-12-05 19:44:13.320518,,,,,,,,,,,,,,
,2023-12-05 19:44:14.189420,0.1586911678314209,0.0009052917594090104,0.1586911678314209,7899.0,18.0,,,,,,,,,
0.02,2023-12-05 19:44:56.982229,,,,,,,,,,,,,,
,2023-12-05 19:44:57.849545,0.12760241329669952,0.0004585905116982758,0.12760241329669952,7949.0,18.0,,,,,,,,,
0.02,2023-12-05 19:45:40.641097,,,,,,,,,,,,,,
,2023-12-05 19:45:42.357277,0.10656442493200302,0.00036635552532970905,0.10656442493200302,7999.0,18.0,,,,,,,,,
0.02,2023-12-05 19:48:32.610879,,,,,,,,,,,,,,
,2023-12-05 19:48:33.478235,0.20116126537322998,0.0007596538634970784,0.20116126537322998,8049.0,18.0,,,,,,,,,
,2023-12-05 19:49:00.530222,,,,,18.0,0.29019778966903687,0.03966201841831207,0.29019778966903687,0.12223757058382034,0.0008663198677822948,0.12223757058382034,,,
,2023-12-05 19:49:00.542750,,,,,18.0,,,,,,,0.18191349506378174,0.004079811740666628,0.18191349506378174
0.02,2023-12-05 19:49:22.017700,,,,,,,,,,,,,,
,2023-12-05 19:49:22.890415,0.11113312095403671,0.0004169377207290381,0.11113312095403671,8099.0,19.0,,,,,,,,,
0.02,2023-12-05 19:50:05.610681,,,,,,,,,,,,,,
,2023-12-05 19:50:06.481573,0.30114060640335083,0.015002386644482613,0.30114060640335083,8149.0,19.0,,,,,,,,,
0.02,2023-12-05 19:50:49.258555,,,,,,,,,,,,,,
,2023-12-05 19:50:50.130851,0.30402979254722595,0.0025971895083785057,0.30402979254722595,8199.0,19.0,,,,,,,,,
0.02,2023-12-05 19:51:32.884889,,,,,,,,,,,,,,
,2023-12-05 19:51:33.752735,0.061342984437942505,0.00021568569354712963,0.061342984437942505,8249.0,19.0,,,,,,,,,
0.02,2023-12-05 19:52:16.502074,,,,,,,,,,,,,,
,2023-12-05 19:52:17.374426,0.3273327946662903,0.017699802294373512,0.3273327946662903,8299.0,19.0,,,,,,,,,
0.02,2023-12-05 19:53:00.127268,,,,,,,,,,,,,,
,2023-12-05 19:53:00.995460,0.23641207814216614,0.0011492026969790459,0.23641207814216614,8349.0,19.0,,,,,,,,,
0.02,2023-12-05 19:53:43.763201,,,,,,,,,,,,,,
,2023-12-05 19:53:44.630143,0.05370913818478584,0.00019111300935037434,0.05370913818478584,8399.0,19.0,,,,,,,,,
0.02,2023-12-05 19:54:27.392362,,,,,,,,,,,,,,
,2023-12-05 19:54:28.262996,0.26882636547088623,0.001415311824530363,0.26882636547088623,8449.0,19.0,,,,,,,,,
0.02,2023-12-05 19:55:11.056317,,,,,,,,,,,,,,
,2023-12-05 19:55:12.759388,0.21512970328330994,0.0011506087612360716,0.21512970328330994,8499.0,19.0,,,,,,,,,
,2023-12-05 19:55:17.978097,,,,,19.0,0.23528024554252625,0.001986217685043812,0.23528024554252625,0.14975622296333313,0.0007461841451004148,0.14975622296333313,,,
,2023-12-05 19:55:17.998189,,,,,19.0,,,,,,,0.18680594861507416,0.0034089849796146154,0.18680594861507416
0.02,2023-12-05 19:58:08.873412,,,,,,,,,,,,,,
,2023-12-05 19:58:09.743026,0.08592624217271805,0.0002958409022539854,0.08592624217271805,8549.0,20.0,,,,,,,,,
0.02,2023-12-05 19:58:52.508916,,,,,,,,,,,,,,
,2023-12-05 19:58:53.379624,0.09440852701663971,0.0003212644951418042,0.09440852701663971,8599.0,20.0,,,,,,,,,
0.02,2023-12-05 19:59:36.110029,,,,,,,,,,,,,,
,2023-12-05 19:59:36.977269,0.018890870735049248,8.158200944308192e-05,0.018890870735049248,8649.0,20.0,,,,,,,,,
0.02,2023-12-05 20:00:19.700543,,,,,,,,,,,,,,
,2023-12-05 20:00:20.569171,0.16659310460090637,0.0007292180089280009,0.16659310460090637,8699.0,20.0,,,,,,,,,
0.02,2023-12-05 20:01:03.338598,,,,,,,,,,,,,,
,2023-12-05 20:01:04.208222,0.1578313112258911,0.0008687508525326848,0.1578313112258911,8749.0,20.0,,,,,,,,,
0.02,2023-12-05 20:01:46.966517,,,,,,,,,,,,,,
,2023-12-05 20:01:47.836983,0.21411572396755219,0.0012128223897889256,0.21411572396755219,8799.0,20.0,,,,,,,,,
0.02,2023-12-05 20:02:30.579147,,,,,,,,,,,,,,
,2023-12-05 20:02:31.447957,0.24530480802059174,0.0010336032137274742,0.24530480802059174,8849.0,20.0,,,,,,,,,
0.02,2023-12-05 20:03:14.175403,,,,,,,,,,,,,,
,2023-12-05 20:03:15.044437,0.11453765630722046,0.00041267857886850834,0.11453765630722046,8899.0,20.0,,,,,,,,,
,2023-12-05 20:03:42.100486,,,,,20.0,0.20601065456867218,0.001069749821908772,0.20601065456867218,0.3170079290866852,0.004141430836170912,0.3170079290866852,,,
,2023-12-05 20:03:42.113921,,,,,20.0,,,,,,,0.1800779104232788,0.0031259546522051096,0.1800779104232788
0.02,2023-12-05 20:04:03.598497,,,,,,,,,,,,,,
,2023-12-05 20:04:04.467008,0.0540195032954216,0.00019622300169430673,0.0540195032954216,8949.0,21.0,,,,,,,,,
0.02,2023-12-05 20:04:47.197819,,,,,,,,,,,,,,
,2023-12-05 20:04:48.903346,0.28147217631340027,0.0016765977488830686,0.28147217631340027,8999.0,21.0,,,,,,,,,
0.02,2023-12-05 20:07:39.081704,,,,,,,,,,,,,,
,2023-12-05 20:07:39.954416,0.1700494885444641,0.0005809002905152738,0.1700494885444641,9049.0,21.0,,,,,,,,,
0.02,2023-12-05 20:08:22.701216,,,,,,,,,,,,,,
,2023-12-05 20:08:23.566514,0.05586495250463486,0.00020218416466377676,0.05586495250463486,9099.0,21.0,,,,,,,,,
0.02,2023-12-05 20:09:06.328287,,,,,,,,,,,,,,
,2023-12-05 20:09:07.198101,0.23836565017700195,0.0024502810556441545,0.23836565017700195,9149.0,21.0,,,,,,,,,
0.02,2023-12-05 20:09:49.916681,,,,,,,,,,,,,,
,2023-12-05 20:09:50.782007,0.07446004450321198,0.00026320727192796767,0.07446004450321198,9199.0,21.0,,,,,,,,,
0.02,2023-12-05 20:10:33.521484,,,,,,,,,,,,,,
,2023-12-05 20:10:34.386509,0.09383831173181534,0.00037368209450505674,0.09383831173181534,9249.0,21.0,,,,,,,,,
0.02,2023-12-05 20:11:17.091341,,,,,,,,,,,,,,
,2023-12-05 20:11:17.961806,0.23181188106536865,0.005294033791869879,0.23181188106536865,9299.0,21.0,,,,,,,,,
0.02,2023-12-05 20:12:00.759719,,,,,,,,,,,,,,
,2023-12-05 20:12:01.625502,0.12311547994613647,0.0004136356874369085,0.12311547994613647,9349.0,21.0,,,,,,,,,
,2023-12-05 20:12:06.834009,,,,,21.0,0.14638714492321014,0.006957755424082279,0.14638714492321014,0.1737256944179535,0.0008793977904133499,0.1737256944179535,,,
,2023-12-05 20:12:06.847185,,,,,21.0,,,,,,,0.177144393324852,0.0023768984246999025,0.177144393324852
0.02,2023-12-05 20:12:50.071213,,,,,,,,,,,,,,
,2023-12-05 20:12:50.938795,0.21256500482559204,0.0007729377830401063,0.21256500482559204,9399.0,22.0,,,,,,,,,
0.02,2023-12-05 20:13:33.635864,,,,,,,,,,,,,,
,2023-12-05 20:13:34.506625,0.2138432264328003,0.0008741962956264615,0.2138432264328003,9449.0,22.0,,,,,,,,,
0.02,2023-12-05 20:14:17.253543,,,,,,,,,,,,,,
,2023-12-05 20:14:18.967859,0.0891212671995163,0.0003056555287912488,0.0891212671995163,9499.0,22.0,,,,,,,,,
0.02,2023-12-05 20:17:09.099626,,,,,,,,,,,,,,
,2023-12-05 20:17:09.967264,0.3185812830924988,0.05411083623766899,0.3185812830924988,9549.0,22.0,,,,,,,,,
0.02,2023-12-05 20:17:52.728153,,,,,,,,,,,,,,
,2023-12-05 20:17:53.596520,0.22571085393428802,0.0020790831185877323,0.22571085393428802,9599.0,22.0,,,,,,,,,
0.02,2023-12-05 20:18:36.295746,,,,,,,,,,,,,,
,2023-12-05 20:18:37.164897,0.07096649706363678,0.00024786381982266903,0.07096649706363678,9649.0,22.0,,,,,,,,,
0.02,2023-12-05 20:19:19.900319,,,,,,,,,,,,,,
,2023-12-05 20:19:20.771523,0.18890754878520966,0.0014129101764410734,0.18890754878520966,9699.0,22.0,,,,,,,,,
0.02,2023-12-05 20:20:03.507073,,,,,,,,,,,,,,
,2023-12-05 20:20:04.376713,0.10863731056451797,0.0003882397140841931,0.10863731056451797,9749.0,22.0,,,,,,,,,
,2023-12-05 20:20:31.426274,,,,,22.0,0.2101503312587738,0.002555714687332511,0.2101503312587738,0.246177539229393,0.0035895351320505142,0.246177539229393,,,
,2023-12-05 20:20:31.439385,,,,,22.0,,,,,,,0.17870517075061798,0.0030972957611083984,0.17870517075061798
0.02,2023-12-05 20:20:52.902979,,,,,,,,,,,,,,
,2023-12-05 20:20:53.770235,0.236454039812088,0.0010720455320551991,0.236454039812088,9799.0,23.0,,,,,,,,,
0.02,2023-12-05 20:21:36.496597,,,,,,,,,,,,,,
,2023-12-05 20:21:37.366980,0.16110859811306,0.0006257095956243575,0.16110859811306,9849.0,23.0,,,,,,,,,
0.02,2023-12-05 20:22:20.101840,,,,,,,,,,,,,,
,2023-12-05 20:22:20.969356,0.043236374855041504,0.0001550723536638543,0.043236374855041504,9899.0,23.0,,,,,,,,,
0.02,2023-12-05 20:23:03.744261,,,,,,,,,,,,,,
,2023-12-05 20:23:04.616209,0.27583783864974976,0.002211348619312048,0.27583783864974976,9949.0,23.0,,,,,,,,,
0.02,2023-12-05 20:23:47.358685,,,,,,,,,,,,,,
,2023-12-05 20:23:49.085893,0.04365094006061554,0.00016119956853799522,0.04365094006061554,9999.0,23.0,,,,,,,,,
0.02,2023-12-05 20:26:39.365182,,,,,,,,,,,,,,
,2023-12-05 20:26:40.234201,0.2432900071144104,0.0010953429155051708,0.2432900071144104,10049.0,23.0,,,,,,,,,
0.02,2023-12-05 20:27:22.990188,,,,,,,,,,,,,,
,2023-12-05 20:27:23.863302,0.09829182177782059,0.0004017612081952393,0.09829182177782059,10099.0,23.0,,,,,,,,,
0.02,2023-12-05 20:28:06.630498,,,,,,,,,,,,,,
,2023-12-05 20:28:07.500983,0.2735483646392822,0.0015498683787882328,0.2735483646392822,10149.0,23.0,,,,,,,,,
0.02,2023-12-05 20:28:50.322042,,,,,,,,,,,,,,
,2023-12-05 20:28:51.188830,0.060057155787944794,0.0002093947259709239,0.060057155787944794,10199.0,23.0,,,,,,,,,
,2023-12-05 20:28:56.400162,,,,,23.0,0.22441966831684113,0.002187729114666581,0.22441966831684113,0.17331916093826294,0.0015508858487010002,0.17331916093826294,,,
,2023-12-05 20:28:56.420653,,,,,23.0,,,,,,,0.17498041689395905,0.002920848783105612,0.17498041689395905
0.02,2023-12-05 20:29:39.731222,,,,,,,,,,,,,,
,2023-12-05 20:29:40.601873,0.2828610837459564,0.0012096452992409468,0.2828610837459564,10249.0,24.0,,,,,,,,,
0.02,2023-12-05 20:30:23.378076,,,,,,,,,,,,,,
,2023-12-05 20:30:24.245523,0.19469064474105835,0.0018406406743451953,0.19469064474105835,10299.0,24.0,,,,,,,,,
0.02,2023-12-05 20:31:07.040458,,,,,,,,,,,,,,
,2023-12-05 20:31:07.912731,0.07462885230779648,0.00027687055990099907,0.07462885230779648,10349.0,24.0,,,,,,,,,
0.02,2023-12-05 20:31:50.681813,,,,,,,,,,,,,,
,2023-12-05 20:31:51.551453,0.2262832522392273,0.0010228408500552177,0.2262832522392273,10399.0,24.0,,,,,,,,,
0.02,2023-12-05 20:32:34.318833,,,,,,,,,,,,,,
,2023-12-05 20:32:35.187702,0.044786322861909866,0.00016829239029902965,0.044786322861909866,10449.0,24.0,,,,,,,,,
0.02,2023-12-05 20:33:17.948884,,,,,,,,,,,,,,
,2023-12-05 20:33:19.663588,0.31677764654159546,0.0016113640740513802,0.31677764654159546,10499.0,24.0,,,,,,,,,
0.02,2023-12-05 20:36:09.969422,,,,,,,,,,,,,,
,2023-12-05 20:36:10.838091,0.3070935606956482,0.0017383636441081762,0.3070935606956482,10549.0,24.0,,,,,,,,,
0.02,2023-12-05 20:36:53.620337,,,,,,,,,,,,,,
,2023-12-05 20:36:54.492327,0.30120986700057983,0.0090549411252141,0.30120986700057983,10599.0,24.0,,,,,,,,,
,2023-12-05 20:37:21.602383,,,,,24.0,0.19949917495250702,0.002614422934129834,0.19949917495250702,0.23043246567249298,0.0013170713791623712,0.23043246567249298,,,
,2023-12-05 20:37:21.615895,,,,,24.0,,,,,,,0.1796613186597824,0.0025944996159523726,0.1796613186597824
0.02,2023-12-05 20:37:43.101166,,,,,,,,,,,,,,
,2023-12-05 20:37:43.972677,0.21862713992595673,0.0008568654302507639,0.21862713992595673,10649.0,25.0,,,,,,,,,
0.02,2023-12-05 20:38:26.743855,,,,,,,,,,,,,,
,2023-12-05 20:38:27.614455,0.0628155916929245,0.00021921821462456137,0.0628155916929245,10699.0,25.0,,,,,,,,,
0.02,2023-12-05 20:39:10.377339,,,,,,,,,,,,,,
,2023-12-05 20:39:11.249404,0.1910824179649353,0.0006715615745633841,0.1910824179649353,10749.0,25.0,,,,,,,,,
0.02,2023-12-05 20:39:54.014308,,,,,,,,,,,,,,
,2023-12-05 20:39:54.883470,0.1547263264656067,0.0005656402790918946,0.1547263264656067,10799.0,25.0,,,,,,,,,
0.02,2023-12-05 20:40:37.677722,,,,,,,,,,,,,,
,2023-12-05 20:40:38.547137,0.40553370118141174,0.005149157717823982,0.40553370118141174,10849.0,25.0,,,,,,,,,
0.02,2023-12-05 20:41:21.343558,,,,,,,,,,,,,,
,2023-12-05 20:41:22.217644,0.3465697765350342,0.0027443545404821634,0.3465697765350342,10899.0,25.0,,,,,,,,,
0.02,2023-12-05 20:42:05.009519,,,,,,,,,,,,,,
,2023-12-05 20:42:05.881084,0.09487892687320709,0.00035459030186757445,0.09487892687320709,10949.0,25.0,,,,,,,,,
0.02,2023-12-05 20:42:48.650548,,,,,,,,,,,,,,
,2023-12-05 20:42:50.362222,0.22045692801475525,0.0012267145793884993,0.22045692801475525,10999.0,25.0,,,,,,,,,
0.02,2023-12-05 20:45:40.672318,,,,,,,,,,,,,,
,2023-12-05 20:45:41.536566,0.20762194693088531,0.0012083669425919652,0.20762194693088531,11049.0,25.0,,,,,,,,,
,2023-12-05 20:45:46.744146,,,,,25.0,0.216094970703125,0.005073207896202803,0.216094970703125,0.1680298149585724,0.0013846593210473657,0.1680298149585724,,,
,2023-12-05 20:45:46.758722,,,,,25.0,,,,,,,0.1820254921913147,0.0029287731740623713,0.1820254921913147
0.02,2023-12-05 20:46:30.064305,,,,,,,,,,,,,,
,2023-12-05 20:46:30.937760,0.10647117346525192,0.00038187962491065264,0.10647117346525192,11099.0,26.0,,,,,,,,,
0.02,2023-12-05 20:47:13.687214,,,,,,,,,,,,,,
,2023-12-05 20:47:14.558844,0.3002006411552429,0.028498120605945587,0.3002006411552429,11149.0,26.0,,,,,,,,,
0.02,2023-12-05 20:47:57.362772,,,,,,,,,,,,,,
,2023-12-05 20:47:58.233107,0.11862604320049286,0.0008528694743290544,0.11862604320049286,11199.0,26.0,,,,,,,,,
0.02,2023-12-05 20:48:41.040483,,,,,,,,,,,,,,
,2023-12-05 20:48:41.910918,0.24848666787147522,0.0023634277749806643,0.24848666787147522,11249.0,26.0,,,,,,,,,
0.02,2023-12-05 20:49:24.711925,,,,,,,,,,,,,,
,2023-12-05 20:49:25.581827,0.15948642790317535,0.0005488097085617483,0.15948642790317535,11299.0,26.0,,,,,,,,,
0.02,2023-12-05 20:50:08.385872,,,,,,,,,,,,,,
,2023-12-05 20:50:09.257424,0.18434613943099976,0.0006800343981012702,0.18434613943099976,11349.0,26.0,,,,,,,,,
0.02,2023-12-05 20:50:52.048968,,,,,,,,,,,,,,
,2023-12-05 20:50:52.916757,0.18006129562854767,0.0021033482626080513,0.18006129562854767,11399.0,26.0,,,,,,,,,
0.02,2023-12-05 20:51:35.711685,,,,,,,,,,,,,,
,2023-12-05 20:51:36.580288,0.1940566599369049,0.0007535910699516535,0.1940566599369049,11449.0,26.0,,,,,,,,,
,2023-12-05 20:52:03.691356,,,,,26.0,0.21590298414230347,0.0012977422447875142,0.21590298414230347,0.12127280235290527,0.00068092584842816,0.12127280235290527,,,
,2023-12-05 20:52:03.705449,,,,,26.0,,,,,,,0.17869716882705688,0.003778578946366906,0.17869716882705688
0.02,2023-12-05 20:52:25.185574,,,,,,,,,,,,,,
,2023-12-05 20:52:26.894773,0.170335590839386,0.0006345221772789955,0.170335590839386,11499.0,27.0,,,,,,,,,
0.02,2023-12-05 20:55:17.342532,,,,,,,,,,,,,,
,2023-12-05 20:55:18.217266,0.46808749437332153,0.006289822049438953,0.46808749437332153,11549.0,27.0,,,,,,,,,
0.02,2023-12-05 20:56:01.026235,,,,,,,,,,,,,,
,2023-12-05 20:56:01.900883,0.08742183446884155,0.0003065676137339324,0.08742183446884155,11599.0,27.0,,,,,,,,,
0.02,2023-12-05 20:56:44.725715,,,,,,,,,,,,,,
,2023-12-05 20:56:45.598397,0.3264627158641815,0.010661139152944088,0.3264627158641815,11649.0,27.0,,,,,,,,,
0.02,2023-12-05 20:57:28.395927,,,,,,,,,,,,,,
,2023-12-05 20:57:29.270104,0.23095685243606567,0.004403220023959875,0.23095685243606567,11699.0,27.0,,,,,,,,,
0.02,2023-12-05 20:58:12.090122,,,,,,,,,,,,,,
,2023-12-05 20:58:12.959284,0.17142841219902039,0.0007241138373501599,0.17142841219902039,11749.0,27.0,,,,,,,,,
0.02,2023-12-05 20:58:55.798110,,,,,,,,,,,,,,
,2023-12-05 20:58:56.670392,0.17162367701530457,0.0008728621178306639,0.17162367701530457,11799.0,27.0,,,,,,,,,
0.02,2023-12-05 20:59:39.522392,,,,,,,,,,,,,,
,2023-12-05 20:59:40.398294,0.12563705444335938,0.0004398899036459625,0.12563705444335938,11849.0,27.0,,,,,,,,,
0.02,2023-12-05 21:00:23.304663,,,,,,,,,,,,,,
,2023-12-05 21:00:24.168970,0.22443874180316925,0.0010925086680799723,0.22443874180316925,11899.0,27.0,,,,,,,,,
,2023-12-05 21:00:29.390179,,,,,27.0,0.1436711698770523,0.0010908249532803893,0.1436711698770523,0.15284223854541779,0.0017312170239165425,0.15284223854541779,,,
,2023-12-05 21:00:29.413660,,,,,27.0,,,,,,,0.1810331493616104,0.0023386599496006966,0.1810331493616104
0.02,2023-12-05 21:01:12.784324,,,,,,,,,,,,,,
,2023-12-05 21:01:13.656595,0.3061191439628601,0.0018948600627481937,0.3061191439628601,11949.0,28.0,,,,,,,,,
0.02,2023-12-05 21:01:56.469954,,,,,,,,,,,,,,
,2023-12-05 21:01:58.180199,0.13817985355854034,0.0004965363768860698,0.13817985355854034,11999.0,28.0,,,,,,,,,
,2023-12-05 21:01:58.199042,,,,,28.0,,,,,,,0.18459048867225647,0.0023768998216837645,0.18459048867225647
